Sweetness,Color,Fruit
9.722526,Yellow,Banana
2.863741,Green,Apple
2.0393324,Green,Apple
5.4222374,Orange,Orange
1.2593932,Green,Apple
2.7961745,Green,Apple
2.786803,Green,Apple
1.816833,Green,Apple
5.6288114,Orange,Orange
3.5834653,Yellow,Apple
5.113187,Red,Apple
5.011675,Red,Apple
4.8146143,Green,Banana
5.277084,Green,Banana
3.9112198,Yellow,Apple
8.973946,Yellow,Banana
1.2634692,Green,Apple
5.599837,Green,Banana
4.491998,Red,Apple
6.0681343,Green,Banana
6.1153708,Green,Banana
6.099572,Green,Banana
5.287984,Green,Banana
8.753492,Yellow,Banana
3.6227605,Red,Apple
9.641315,Yellow,Banana
4.296833,Red,Apple
2.11563,Green,Apple
4.627711,Red,Apple
8.63517,Yellow,Banana
6.4261575,Yellow,Apple
9.2335415,Yellow,Banana
4.893111,Red,Apple
5.569666,Orange,Orange
1.9161508,Green,Apple
1.1824461,Green,Apple
2.0243773,Green,Apple
2.6085818,Green,Apple
5.2805343,Red,Apple
6.3346415,Orange,Orange
8.661542,Yellow,Banana
1.4730316,Green,Apple
9.25365,Yellow,Banana
1.779618,Green,Apple
6.515239,Yellow,Apple
8.87922,Yellow,Banana
4.792905,Red,Apple
8.048401,Yellow,Banana
6.8955097,Green,Banana
4.6334014,Green,Banana
5.8923864,Yellow,Apple
5.4652367,Red,Apple
6.35985,Orange,Orange
3.7262952,Orange,Orange
5.452112,Red,Apple
5.384624,Red,Apple
4.393958,Orange,Orange
8.96918,Yellow,Banana
3.1600301,Orange,Orange
3.248749,Orange,Orange
4.5847025,Green,Banana
4.874179,Yellow,Apple
4.603283,Red,Apple
3.9635868,Orange,Orange
6.103179,Orange,Orange
6.476389,Orange,Orange
8.687798,Yellow,Banana
4.2596364,Orange,Orange
1.7553575,Green,Apple
4.098807,Orange,Orange
8.524656,Yellow,Banana
3.6428742,Orange,Orange
8.226048,Yellow,Banana
6.462226,Green,Banana
1.0761814,Green,Apple
3.4416533,Yellow,Apple
7.0063076,Green,Banana
2.711284,Green,Apple
1.692807,Green,Apple
4.904004,Red,Apple
1.8369143,Green,Apple
4.714861,Red,Apple
6.900035,Orange,Orange
4.1879034,Green,Banana
3.774495,Red,Apple
4.508446,Green,Banana
2.5203507,Green,Apple
5.899524,Red,Apple
9.406052,Yellow,Banana
5.743373,Green,Banana
9.632546,Yellow,Banana
5.8801126,Green,Banana
6.665175,Yellow,Apple
4.6535845,Orange,Orange
9.570014,Yellow,Banana
4.846705,Yellow,Apple
4.7457676,Green,Banana
2.6979928,Green,Apple
5.7343035,Yellow,Apple
4.6450043,Red,Apple
1.3537736,Green,Apple
3.4087224,Orange,Orange
9.149385,Yellow,Banana
5.443344,Yellow,Apple
5.8398933,Orange,Orange
3.06247,Red,Apple
4.1545825,Orange,Orange
8.562594,Yellow,Banana
8.407214,Yellow,Banana
4.737071,Green,Banana
9.491335,Yellow,Banana
9.84181,Yellow,Banana
9.627993,Yellow,Banana
9.076933,Yellow,Banana
2.3211532,Green,Apple
9.228042,Yellow,Banana
6.9859996,Orange,Orange
8.343818,Yellow,Banana
6.496133,Orange,Orange
8.10059,Yellow,Banana
3.651846,Red,Apple
8.069774,Yellow,Banana
9.099928,Yellow,Banana
1.5022994,Green,Apple
9.666632,Yellow,Banana
2.1890929,Green,Apple
3.5455186,Orange,Orange
6.251548,Yellow,Apple
5.4425707,Red,Apple
9.986761,Yellow,Banana
5.7496967,Orange,Orange
4.8080797,Green,Banana
3.3447137,Red,Apple
3.9353042,Orange,Orange
8.546995,Yellow,Banana
4.3814244,Red,Apple
1.1724931,Green,Apple
5.785635,Orange,Orange
5.352869,Orange,Orange
1.2733629,Green,Apple
1.2743534,Green,Apple
4.6234984,Green,Banana
9.899042,Yellow,Banana
2.8474758,Green,Apple
2.5219374,Green,Apple
4.64291,Green,Banana
2.64127,Green,Apple
4.5969887,Orange,Orange
3.512579,Red,Apple
8.660667,Yellow,Banana
5.7399435,Red,Apple
4.1063485,Red,Apple
2.8653817,Green,Apple
2.2207482,Green,Apple
2.02664,Green,Apple
5.003463,Orange,Orange
3.9127996,Yellow,Apple
9.835022,Yellow,Banana
2.1922233,Green,Apple
9.679126,Yellow,Banana
3.8840635,Orange,Orange
5.352996,Red,Apple
5.779373,Green,Banana
7.0546007,Green,Banana
3.7610164,Yellow,Apple
2.6401582,Green,Apple
5.9353533,Green,Banana
4.551177,Green,Banana
3.290575,Red,Apple
3.1641285,Red,Apple
5.277549,Orange,Orange
3.377317,Yellow,Apple
3.3474786,Orange,Orange
8.432137,Yellow,Banana
1.9676751,Green,Apple
5.065464,Green,Banana
6.7567053,Green,Banana
3.9388735,Orange,Orange
5.2767415,Orange,Orange
9.534956,Yellow,Banana
8.649144,Yellow,Banana
2.0035176,Green,Apple
1.7379545,Green,Apple
2.5394344,Green,Apple
2.4650588,Green,Apple
4.2769203,Yellow,Apple
5.315608,Yellow,Apple
8.715261,Yellow,Banana
5.0917463,Red,Apple
3.920848,Yellow,Apple
2.0981917,Green,Apple
6.140638,Orange,Orange
5.2717686,Yellow,Apple
1.6559217,Green,Apple
3.993738,Yellow,Apple
6.9086514,Yellow,Apple
9.920215,Yellow,Banana
9.143941,Yellow,Banana
5.204816,Orange,Orange
9.179108,Yellow,Banana
5.4463778,Orange,Orange
8.89958,Yellow,Banana
4.5753403,Yellow,Apple
2.632996,Green,Apple
4.214924,Red,Apple
9.624908,Yellow,Banana
4.0765696,Red,Apple
5.2441144,Orange,Orange
6.726717,Orange,Orange
4.962619,Red,Apple
4.644492,Red,Apple
3.5166538,Red,Apple
8.8653755,Yellow,Banana
4.0007744,Green,Banana
7.0221004,Green,Banana
4.2388763,Green,Banana
5.915078,Green,Banana
5.1217833,Green,Banana
5.2654147,Orange,Orange
4.6905146,Orange,Orange
1.0723764,Green,Apple
7.4220295,Green,Banana
6.7108707,Green,Banana
5.3571663,Red,Apple
4.976569,Green,Banana
4.1073647,Red,Apple
4.5703444,Green,Banana
1.065221,Green,Apple
4.044905,Orange,Orange
1.0650806,Green,Apple
6.656577,Yellow,Apple
4.4668674,Orange,Orange
3.6585753,Red,Apple
3.8721483,Red,Apple
3.787445,Yellow,Apple
1.9008822,Green,Apple
4.134729,Red,Apple
2.1323001,Green,Apple
6.491637,Green,Banana
4.1260815,Orange,Orange
4.0422273,Orange,Orange
1.7000902,Green,Apple
5.805519,Green,Banana
8.172997,Yellow,Banana
2.5785425,Green,Apple
8.968953,Yellow,Banana
9.514102,Yellow,Banana
6.9932823,Orange,Orange
5.5668907,Red,Apple
5.1222067,Green,Banana
8.069391,Yellow,Banana
9.621652,Yellow,Banana
5.8218184,Yellow,Apple
3.2811818,Red,Apple
1.0018063,Green,Apple
6.585436,Green,Banana
4.3952255,Red,Apple
1.6770093,Green,Apple
5.3972454,Yellow,Apple
8.730003,Yellow,Banana
5.181487,Red,Apple
6.5806155,Yellow,Apple
8.967297,Yellow,Banana
5.7045054,Green,Banana
5.182691,Red,Apple
5.3608713,Orange,Orange
9.6560335,Yellow,Banana
7.5327005,Green,Banana
8.588733,Yellow,Banana
2.3955612,Green,Apple
5.833454,Green,Banana
4.6037283,Red,Apple
4.361805,Green,Banana
5.088042,Green,Banana
4.3812466,Orange,Orange
5.04967,Red,Apple
5.432682,Green,Banana
7.928628,Green,Banana
9.298152,Yellow,Banana
3.8701982,Red,Apple
9.633699,Yellow,Banana
5.9834895,Green,Banana
2.588849,Green,Apple
4.3057494,Green,Banana
1.0808542,Green,Apple
1.2486031,Green,Apple
5.651289,Red,Apple
3.4178135,Yellow,Apple
5.406813,Orange,Orange
2.3565717,Green,Apple
4.152527,Green,Banana
8.080457,Yellow,Banana
1.325589,Green,Apple
4.2463694,Orange,Orange
9.380622,Yellow,Banana
4.076747,Yellow,Apple
3.4453278,Red,Apple
5.722951,Yellow,Apple
2.944757,Green,Apple
6.181593,Green,Banana
6.201067,Yellow,Apple
4.7400746,Red,Apple
8.804491,Yellow,Banana
3.552539,Orange,Orange
7.2304506,Green,Banana
5.4001827,Red,Apple
4.130095,Red,Apple
3.3873801,Red,Apple
6.369565,Green,Banana
3.9320507,Red,Apple
3.9912636,Orange,Orange
5.902979,Yellow,Apple
2.5705297,Green,Apple
5.761546,Red,Apple
4.380919,Red,Apple
6.7318273,Green,Banana
5.845128,Green,Banana
9.239361,Yellow,Banana
4.9784627,Yellow,Apple
5.7139688,Green,Banana
5.4612145,Green,Banana
4.557413,Red,Apple
3.315312,Orange,Orange
9.247004,Yellow,Banana
9.6558485,Yellow,Banana
4.9463806,Red,Apple
4.770713,Orange,Orange
1.8615811,Green,Apple
4.4328265,Green,Banana
1.7815989,Green,Apple
3.0437396,Yellow,Apple
1.7907404,Green,Apple
5.295313,Green,Banana
9.048403,Yellow,Banana
6.9040756,Orange,Orange
9.968852,Yellow,Banana
4.446463,Orange,Orange
7.8423862,Green,Banana
9.00185,Yellow,Banana
3.4759645,Red,Apple
3.5772996,Yellow,Apple
2.777995,Green,Apple
8.425116,Yellow,Banana
9.071391,Yellow,Banana
8.389423,Yellow,Banana
5.118591,Red,Apple
7.258782,Green,Banana
5.6203547,Red,Apple
3.3675966,Red,Apple
3.8438056,Red,Apple
5.149969,Orange,Orange
8.074348,Yellow,Banana
9.557807,Yellow,Banana
7.7720637,Green,Banana
6.3128147,Green,Banana
3.5503476,Yellow,Apple
5.6555586,Green,Banana
6.163088,Green,Banana
6.5054097,Green,Banana
6.0664883,Orange,Orange
4.2320495,Yellow,Apple
2.8727646,Green,Apple
4.5524383,Red,Apple
8.520125,Yellow,Banana
5.4369383,Yellow,Apple
6.418995,Green,Banana
2.6874933,Green,Apple
6.641897,Orange,Orange
9.25469,Yellow,Banana
5.2497187,Red,Apple
4.867881,Green,Banana
4.1167107,Orange,Orange
3.1219742,Orange,Orange
9.800533,Yellow,Banana
8.773684,Yellow,Banana
6.5663643,Yellow,Apple
4.680832,Green,Banana
4.2842846,Yellow,Apple
3.352359,Yellow,Apple
1.8757869,Green,Apple
1.7980217,Green,Apple
5.6493435,Green,Banana
2.6008797,Green,Apple
4.215878,Orange,Orange
8.517976,Yellow,Banana
8.408386,Yellow,Banana
9.845735,Yellow,Banana
6.367528,Orange,Orange
4.2530627,Red,Apple
6.9649353,Green,Banana
5.947237,Green,Banana
9.131865,Yellow,Banana
2.5299625,Green,Apple
1.2386162,Green,Apple
4.030349,Red,Apple
2.2933779,Green,Apple
1.7539202,Green,Apple
9.097837,Yellow,Banana
4.298829,Green,Banana
9.599264,Yellow,Banana
9.060666,Yellow,Banana
1.0667245,Green,Apple
1.9857957,Green,Apple
2.5670826,Green,Apple
1.690357,Green,Apple
5.990938,Orange,Orange
1.2530836,Green,Apple
4.514077,Yellow,Apple
6.750833,Yellow,Apple
5.2339973,Green,Banana
4.8794255,Red,Apple
4.4745817,Green,Banana
6.336278,Orange,Orange
2.4958768,Green,Apple
4.938696,Red,Apple
9.523497,Yellow,Banana
3.6979225,Orange,Orange
9.790801,Yellow,Banana
2.3266542,Green,Apple
4.1895647,Red,Apple
3.7686517,Yellow,Apple
2.3015504,Green,Apple
4.6945677,Orange,Orange
8.394272,Yellow,Banana
5.080064,Green,Banana
1.8585203,Green,Apple
3.8681257,Yellow,Apple
1.4197663,Green,Apple
5.9180813,Green,Banana
6.353323,Orange,Orange
4.066883,Yellow,Apple
9.045699,Yellow,Banana
7.1812105,Green,Banana
8.55675,Yellow,Banana
4.8108106,Orange,Orange
8.152104,Yellow,Banana
4.969621,Green,Banana
6.4244585,Green,Banana
3.8200786,Orange,Orange
1.4261249,Green,Apple
2.3174243,Green,Apple
1.4638791,Green,Apple
5.515011,Orange,Orange
2.4662256,Green,Apple
3.5248349,Orange,Orange
9.835427,Yellow,Banana
4.333059,Orange,Orange
5.641658,Yellow,Apple
5.8527975,Red,Apple
5.534011,Yellow,Apple
5.0372906,Yellow,Apple
4.95844,Orange,Orange
6.374691,Green,Banana
5.1090555,Yellow,Apple
8.5906925,Yellow,Banana
5.301365,Red,Apple
3.8971145,Orange,Orange
3.3884096,Yellow,Apple
4.442376,Yellow,Apple
4.1869373,Green,Banana
7.005313,Green,Banana
9.09842,Yellow,Banana
6.883857,Green,Banana
5.8370547,Yellow,Apple
5.2538414,Red,Apple
4.516203,Yellow,Apple
8.809704,Yellow,Banana
4.9714212,Red,Apple
4.8451796,Red,Apple
5.6175613,Yellow,Apple
8.491721,Yellow,Banana
6.2679777,Yellow,Apple
4.1282616,Red,Apple
7.004749,Green,Banana
4.745293,Orange,Orange
5.2337446,Green,Banana
1.941676,Green,Apple
2.4822683,Green,Apple
3.25728,Orange,Orange
3.702245,Orange,Orange
6.7244673,Orange,Orange
5.811949,Orange,Orange
5.350592,Green,Banana
3.6528528,Red,Apple
4.62026,Green,Banana
4.3846793,Yellow,Apple
5.1997147,Yellow,Apple
9.462408,Yellow,Banana
6.291548,Green,Banana
4.483662,Yellow,Apple
5.0694933,Green,Banana
5.88661,Yellow,Apple
9.146413,Yellow,Banana
9.033829,Yellow,Banana
5.1231318,Red,Apple
5.591857,Orange,Orange
8.965061,Yellow,Banana
2.421327,Green,Apple
4.464592,Red,Apple
6.0566063,Yellow,Apple
1.4531984,Green,Apple
4.7650385,Orange,Orange
9.838151,Yellow,Banana
2.7859497,Green,Apple
7.063422,Green,Banana
9.9351425,Yellow,Banana
6.930537,Yellow,Apple
5.03416,Green,Banana
8.4676285,Yellow,Banana
5.6928663,Green,Banana
1.9702305,Green,Apple
6.8365707,Yellow,Apple
4.3991747,Orange,Orange
1.3201786,Green,Apple
3.7177057,Yellow,Apple
4.3182125,Yellow,Apple
5.319244,Orange,Orange
4.43836,Orange,Orange
4.121167,Yellow,Apple
3.8517838,Red,Apple
3.7356164,Orange,Orange
4.074725,Green,Banana
9.155561,Yellow,Banana
1.4928894,Green,Apple
4.8520145,Orange,Orange
2.6215591,Green,Apple
4.1878395,Green,Banana
2.27274,Green,Apple
8.376871,Yellow,Banana
8.332747,Yellow,Banana
1.4741445,Green,Apple
4.873253,Yellow,Apple
1.3525662,Green,Apple
4.6407948,Orange,Orange
3.8465948,Red,Apple
3.0684724,Orange,Orange
7.0127716,Green,Banana
6.2117376,Green,Banana
2.9543095,Green,Apple
4.323444,Orange,Orange
7.085769,Green,Banana
1.7629333,Green,Apple
5.661469,Red,Apple
4.5316243,Green,Banana
4.9167204,Yellow,Apple
3.0112724,Red,Apple
5.3888216,Orange,Orange
4.614564,Green,Banana
6.003336,Orange,Orange
4.412984,Orange,Orange
3.9500175,Orange,Orange
9.553218,Yellow,Banana
9.1546955,Yellow,Banana
6.886689,Yellow,Apple
4.682619,Yellow,Apple
2.86693,Green,Apple
5.697616,Red,Apple
4.1459866,Green,Banana
7.2770367,Green,Banana
4.903382,Red,Apple
5.3254623,Orange,Orange
4.8578825,Green,Banana
6.1693993,Orange,Orange
4.020064,Orange,Orange
1.6580507,Green,Apple
4.120597,Orange,Orange
6.746193,Green,Banana
5.9250226,Red,Apple
5.0139995,Red,Apple
1.983018,Green,Apple
4.9053,Yellow,Apple
4.0676107,Green,Banana
4.906079,Green,Banana
3.5653586,Yellow,Apple
1.5456097,Green,Apple
3.3226287,Red,Apple
4.8744354,Yellow,Apple
8.547361,Yellow,Banana
5.631547,Green,Banana
3.2408576,Red,Apple
4.8100395,Yellow,Apple
5.073785,Green,Banana
4.4865694,Green,Banana
2.131238,Green,Apple
4.93812,Green,Banana
3.2312553,Red,Apple
6.074148,Green,Banana
1.465102,Green,Apple
1.0802575,Green,Apple
5.2740893,Red,Apple
8.190322,Yellow,Banana
3.3117323,Yellow,Apple
4.4504776,Red,Apple
4.325102,Red,Apple
3.8532681,Red,Apple
6.8533487,Yellow,Apple
5.9120474,Yellow,Apple
6.458519,Green,Banana
5.9072666,Red,Apple
9.374457,Yellow,Banana
9.922777,Yellow,Banana
8.685688,Yellow,Banana
1.2010986,Green,Apple
5.0412693,Green,Banana
5.348319,Green,Banana
4.5010204,Yellow,Apple
4.757734,Orange,Orange
8.492489,Yellow,Banana
1.0519831,Green,Apple
8.2486315,Yellow,Banana
3.9167373,Red,Apple
7.9635696,Green,Banana
1.288306,Green,Apple
8.725511,Yellow,Banana
9.171525,Yellow,Banana
4.0499454,Orange,Orange
5.337281,Orange,Orange
3.8932812,Red,Apple
8.936949,Yellow,Banana
6.954196,Yellow,Apple
9.424029,Yellow,Banana
6.446949,Yellow,Apple
5.3721275,Red,Apple
1.5439619,Green,Apple
4.247679,Yellow,Apple
8.686832,Yellow,Banana
9.279305,Yellow,Banana
3.6017342,Red,Apple
5.1495757,Yellow,Apple
4.4140472,Orange,Orange
2.4409924,Green,Apple
7.0372667,Green,Banana
4.178449,Yellow,Apple
7.80832,Green,Banana
6.5450726,Orange,Orange
9.909329,Yellow,Banana
7.77365,Green,Banana
6.315241,Yellow,Apple
1.915813,Green,Apple
3.0268595,Red,Apple
8.356939,Yellow,Banana
4.9924316,Orange,Orange
7.878361,Green,Banana
5.378689,Orange,Orange
6.1092763,Orange,Orange
5.133503,Red,Apple
4.802625,Green,Banana
9.95217,Yellow,Banana
7.9753947,Green,Banana
8.21014,Yellow,Banana
5.8205175,Red,Apple
4.5397587,Red,Apple
4.729888,Orange,Orange
1.9784367,Green,Apple
5.597242,Yellow,Apple
6.4846544,Orange,Orange
5.999086,Red,Apple
8.5484295,Yellow,Banana
1.7987881,Green,Apple
5.7346983,Green,Banana
2.801787,Green,Apple
5.472206,Orange,Orange
9.942064,Yellow,Banana
4.009531,Red,Apple
2.874468,Green,Apple
8.147175,Yellow,Banana
9.421076,Yellow,Banana
5.7573185,Yellow,Apple
4.538444,Yellow,Apple
4.796511,Red,Apple
2.5697427,Green,Apple
3.1968045,Orange,Orange
2.845047,Green,Apple
8.355086,Yellow,Banana
3.3860202,Red,Apple
3.6110194,Yellow,Apple
7.751383,Green,Banana
6.8769193,Yellow,Apple
5.39486,Red,Apple
3.157737,Red,Apple
5.395851,Red,Apple
5.09128,Red,Apple
5.7918935,Red,Apple
2.5363119,Green,Apple
4.9469604,Orange,Orange
3.913678,Orange,Orange
4.3588123,Green,Banana
6.400303,Orange,Orange
4.106332,Orange,Orange
4.1990795,Green,Banana
9.574638,Yellow,Banana
9.776271,Yellow,Banana
8.018801,Yellow,Banana
6.7770452,Yellow,Apple
7.712006,Green,Banana
5.9011984,Yellow,Apple
2.8101072,Green,Apple
5.3321686,Green,Banana
4.210797,Orange,Orange
2.833394,Green,Apple
6.327198,Yellow,Apple
4.898782,Red,Apple
6.240369,Green,Banana
8.697071,Yellow,Banana
5.50109,Green,Banana
6.2432337,Yellow,Apple
8.431126,Yellow,Banana
9.908721,Yellow,Banana
5.213945,Red,Apple
5.0070977,Orange,Orange
2.861187,Green,Apple
6.7714624,Green,Banana
3.29847,Orange,Orange
6.6492534,Orange,Orange
4.7622824,Red,Apple
1.7809088,Green,Apple
8.392412,Yellow,Banana
6.8349996,Green,Banana
4.4466457,Green,Banana
6.6024423,Green,Banana
5.2211657,Red,Apple
1.265685,Green,Apple
8.864036,Yellow,Banana
9.413314,Yellow,Banana
8.333881,Yellow,Banana
5.4937754,Orange,Orange
4.559126,Red,Apple
3.606668,Red,Apple
5.0647383,Red,Apple
4.2556086,Orange,Orange
4.7195992,Yellow,Apple
5.51566,Green,Banana
3.0244486,Red,Apple
6.753503,Orange,Orange
8.400023,Yellow,Banana
3.1661625,Orange,Orange
3.9241219,Yellow,Apple
2.2507248,Green,Apple
3.3080623,Yellow,Apple
3.9899633,Yellow,Apple
2.8102794,Green,Apple
4.518427,Green,Banana
4.1532354,Yellow,Apple
9.875378,Yellow,Banana
4.3135824,Yellow,Apple
9.118409,Yellow,Banana
9.962073,Yellow,Banana
9.606577,Yellow,Banana
4.599024,Red,Apple
1.6408247,Green,Apple
4.2017117,Orange,Orange
5.0770617,Yellow,Apple
9.129875,Yellow,Banana
5.690045,Green,Banana
5.154875,Yellow,Apple
5.4099264,Orange,Orange
4.1547146,Orange,Orange
6.738604,Yellow,Apple
1.1900536,Green,Apple
9.366094,Yellow,Banana
4.947487,Yellow,Apple
6.6929097,Green,Banana
4.877109,Green,Banana
9.981297,Yellow,Banana
6.189133,Yellow,Apple
3.4010572,Yellow,Apple
1.7638271,Green,Apple
5.979122,Green,Banana
4.6005545,Green,Banana
3.5783658,Yellow,Apple
4.921409,Red,Apple
4.2309437,Orange,Orange
4.144929,Red,Apple
8.730645,Yellow,Banana
3.7550874,Red,Apple
5.3513327,Green,Banana
2.4522882,Green,Apple
4.7381744,Orange,Orange
4.840267,Red,Apple
7.0821886,Green,Banana
2.7697892,Green,Apple
2.6592207,Green,Apple
5.06653,Red,Apple
4.0996866,Red,Apple
1.6410654,Green,Apple
9.977771,Yellow,Banana
3.8319662,Orange,Orange
6.588706,Orange,Orange
5.476676,Orange,Orange
7.039877,Green,Banana
1.3221558,Green,Apple
2.5506732,Green,Apple
3.6200602,Yellow,Apple
5.6999607,Green,Banana
2.1438782,Green,Apple
9.72363,Yellow,Banana
3.0352287,Red,Apple
3.4086747,Red,Apple
4.0628395,Green,Banana
4.324695,Yellow,Apple
3.570911,Orange,Orange
5.7782397,Yellow,Apple
3.376128,Red,Apple
5.795661,Yellow,Apple
6.21838,Yellow,Apple
8.26692,Yellow,Banana
4.308873,Orange,Orange
5.7723875,Orange,Orange
4.4472933,Red,Apple
4.30381,Red,Apple
4.5983353,Orange,Orange
3.7915885,Orange,Orange
6.016403,Orange,Orange
3.4831839,Red,Apple
5.9937496,Green,Banana
4.7589436,Red,Apple
5.3545628,Yellow,Apple
5.816163,Red,Apple
5.827832,Red,Apple
8.034869,Yellow,Banana
5.4733076,Orange,Orange
2.7303326,Green,Apple
3.5487163,Orange,Orange
1.195611,Green,Apple
5.658246,Yellow,Apple
5.416172,Red,Apple
6.3999434,Green,Banana
4.6089773,Red,Apple
7.8978176,Green,Banana
1.3743393,Green,Apple
6.3619347,Yellow,Apple
5.0199738,Yellow,Apple
9.718255,Yellow,Banana
6.865202,Orange,Orange
5.3438983,Yellow,Apple
3.621866,Yellow,Apple
5.607889,Yellow,Apple
8.360189,Yellow,Banana
8.853915,Yellow,Banana
4.1281033,Green,Banana
4.718255,Red,Apple
3.3088264,Orange,Orange
5.1021833,Green,Banana
2.980234,Green,Apple
8.7888,Yellow,Banana
9.659378,Yellow,Banana
9.61248,Yellow,Banana
1.4161128,Green,Apple
8.529778,Yellow,Banana
4.5277004,Green,Banana
4.914505,Yellow,Apple
4.1610146,Yellow,Apple
5.489724,Green,Banana
6.1004114,Green,Banana
4.3088484,Red,Apple
2.818972,Green,Apple
3.3833458,Orange,Orange
1.9667023,Green,Apple
4.435327,Orange,Orange
5.5510216,Yellow,Apple
7.462057,Green,Banana
9.573235,Yellow,Banana
4.188087,Green,Banana
5.411872,Green,Banana
4.5638256,Yellow,Apple
6.4225817,Orange,Orange
4.3106556,Yellow,Apple
5.0619583,Yellow,Apple
4.848641,Red,Apple
4.014924,Red,Apple
3.069123,Orange,Orange
9.108283,Yellow,Banana
4.607123,Green,Banana
4.5138254,Green,Banana
9.1260605,Yellow,Banana
6.989745,Yellow,Apple
6.6063056,Orange,Orange
3.6940327,Orange,Orange
1.3935426,Green,Apple
4.9356976,Green,Banana
6.7850814,Green,Banana
4.5771976,Red,Apple
5.9879227,Red,Apple
3.7531202,Orange,Orange
4.515136,Red,Apple
5.691229,Green,Banana
4.381523,Red,Apple
4.509197,Yellow,Apple
2.783246,Green,Apple
8.033224,Yellow,Banana
8.050003,Yellow,Banana
5.4273744,Red,Apple
7.3351793,Green,Banana
1.7259841,Green,Apple
8.702458,Yellow,Banana
4.3323526,Yellow,Apple
1.2964689,Green,Apple
6.7166786,Yellow,Apple
9.099277,Yellow,Banana
6.420371,Orange,Orange
5.144169,Green,Banana
1.7534113,Green,Apple
9.981558,Yellow,Banana
2.826863,Green,Apple
7.577776,Green,Banana
5.922512,Yellow,Apple
3.379715,Orange,Orange
4.117803,Orange,Orange
6.4704585,Yellow,Apple
2.3011127,Green,Apple
3.4060547,Yellow,Apple
6.2812786,Yellow,Apple
3.5563834,Orange,Orange
5.9185524,Orange,Orange
6.9268026,Yellow,Apple
8.337678,Yellow,Banana
2.6578474,Green,Apple
5.927491,Yellow,Apple
4.4058504,Yellow,Apple
4.730206,Red,Apple
6.7773895,Green,Banana
8.173138,Yellow,Banana
2.9868762,Green,Apple
8.833992,Yellow,Banana
8.807314,Yellow,Banana
5.23546,Red,Apple
3.9495974,Red,Apple
1.7727109,Green,Apple
4.5715966,Yellow,Apple
3.2284927,Red,Apple
3.3058164,Orange,Orange
4.564455,Green,Banana
6.321665,Orange,Orange
5.551263,Green,Banana
6.809903,Yellow,Apple
3.7021003,Yellow,Apple
3.2390335,Yellow,Apple
9.941864,Yellow,Banana
1.4587082,Green,Apple
4.5167017,Yellow,Apple
3.007854,Yellow,Apple
4.2982044,Green,Banana
4.2735515,Red,Apple
9.358721,Yellow,Banana
8.865159,Yellow,Banana
5.240576,Yellow,Apple
3.569779,Orange,Orange
5.0086093,Green,Banana
6.942998,Orange,Orange
4.8885183,Green,Banana
6.8548403,Yellow,Apple
4.123078,Red,Apple
6.6804113,Yellow,Apple
4.080765,Red,Apple
1.8214103,Green,Apple
3.9022055,Yellow,Apple
8.95857,Yellow,Banana
3.8608248,Orange,Orange
6.463461,Green,Banana
5.5330744,Yellow,Apple
5.388087,Red,Apple
5.6826334,Orange,Orange
9.049112,Yellow,Banana
7.6000314,Green,Banana
8.277012,Yellow,Banana
2.4970272,Green,Apple
6.837943,Orange,Orange
1.7685958,Green,Apple
6.363185,Green,Banana
6.486803,Yellow,Apple
4.750385,Red,Apple
6.758829,Yellow,Apple
1.8225307,Green,Apple
5.1826096,Red,Apple
6.793036,Green,Banana
3.0760148,Orange,Orange
1.4131436,Green,Apple
5.621071,Green,Banana
1.6072103,Green,Apple
4.5094614,Orange,Orange
6.929881,Orange,Orange
3.2241418,Red,Apple
2.9721928,Green,Apple
6.6514845,Orange,Orange
5.0907907,Orange,Orange
1.4018649,Green,Apple
5.294468,Red,Apple
3.2527404,Yellow,Apple
6.3609324,Orange,Orange
5.1259394,Yellow,Apple
6.2665224,Orange,Orange
3.8465884,Yellow,Apple
5.7955647,Yellow,Apple
4.7718277,Red,Apple
4.298385,Red,Apple
3.4759636,Red,Apple
3.827244,Red,Apple
8.9457445,Yellow,Banana
8.024853,Yellow,Banana
2.0500314,Green,Apple
9.21695,Yellow,Banana
5.4874015,Red,Apple
3.3338792,Yellow,Apple
5.333024,Orange,Orange
1.6448073,Green,Apple
9.04516,Yellow,Banana
2.004818,Green,Apple
6.681512,Yellow,Apple
4.1215086,Red,Apple
4.113037,Red,Apple
3.6753407,Orange,Orange
5.045661,Yellow,Apple
2.247807,Green,Apple
2.4090037,Green,Apple
1.7298429,Green,Apple
5.4041862,Orange,Orange
8.235798,Yellow,Banana
9.76976,Yellow,Banana
5.4614754,Red,Apple
5.0745106,Orange,Orange
2.3493032,Green,Apple
5.4404125,Red,Apple
1.8170558,Green,Apple
1.3531296,Green,Apple
3.5584915,Yellow,Apple
6.609309,Yellow,Apple
4.0957794,Orange,Orange
4.7286077,Yellow,Apple
9.822859,Yellow,Banana
3.440205,Red,Apple
1.560451,Green,Apple
4.809,Green,Banana
1.322617,Green,Apple
3.766297,Orange,Orange
7.715769,Green,Banana
4.678398,Green,Banana
5.905033,Green,Banana
1.4540689,Green,Apple
5.5083113,Green,Banana
3.8696766,Red,Apple
6.8128967,Green,Banana
2.2176986,Green,Apple
9.512182,Yellow,Banana
1.9027054,Green,Apple
9.394339,Yellow,Banana
2.273856,Green,Apple
6.70435,Orange,Orange
5.534341,Green,Banana
6.7430043,Green,Banana
4.755619,Orange,Orange
5.342392,Red,Apple
4.8285203,Yellow,Apple
1.5363812,Green,Apple
8.866367,Yellow,Banana
3.1757646,Orange,Orange
5.308058,Yellow,Apple
3.248849,Yellow,Apple
3.5275893,Red,Apple
3.7920072,Red,Apple
7.164476,Green,Banana
3.9213922,Yellow,Apple
4.66753,Yellow,Apple
6.4606857,Yellow,Apple
2.3310153,Green,Apple
2.9688234,Green,Apple
2.6192515,Green,Apple
4.0168877,Red,Apple
9.808887,Yellow,Banana
8.149449,Yellow,Banana
6.4222307,Orange,Orange
4.9775505,Red,Apple
4.270509,Red,Apple
4.8885245,Red,Apple
6.6422863,Orange,Orange
2.8192906,Green,Apple
2.8797562,Green,Apple
4.8454547,Red,Apple
2.232294,Green,Apple
4.2378387,Orange,Orange
2.4188979,Green,Apple
3.5874727,Yellow,Apple
2.8371696,Green,Apple
6.5466394,Yellow,Apple
5.9105515,Yellow,Apple
4.597541,Yellow,Apple
2.5028715,Green,Apple
4.5964117,Green,Banana
2.068068,Green,Apple
5.882699,Yellow,Apple
4.3193994,Red,Apple
8.568606,Yellow,Banana
1.0082229,Green,Apple
2.63027,Green,Apple
5.5054665,Red,Apple
9.795828,Yellow,Banana
5.764801,Green,Banana
9.676583,Yellow,Banana
3.1668205,Orange,Orange
6.276555,Yellow,Apple
1.9995111,Green,Apple
7.2111473,Green,Banana
1.3023016,Green,Apple
3.194821,Orange,Orange
3.760331,Yellow,Apple
3.512752,Red,Apple
1.5386876,Green,Apple
7.9710464,Green,Banana
4.679569,Red,Apple
3.4636698,Yellow,Apple
8.455893,Yellow,Banana
2.5809295,Green,Apple
2.4385295,Green,Apple
5.568959,Yellow,Apple
4.3710117,Red,Apple
1.6400808,Green,Apple
5.9038057,Red,Apple
4.0192413,Red,Apple
4.9745445,Yellow,Apple
3.321344,Red,Apple
4.2822666,Green,Banana
6.5565414,Orange,Orange
5.6650753,Orange,Orange
6.89765,Orange,Orange
5.913911,Orange,Orange
3.017986,Yellow,Apple
5.4205294,Orange,Orange
9.679619,Yellow,Banana
9.0903015,Yellow,Banana
8.70238,Yellow,Banana
4.328208,Red,Apple
1.9193053,Green,Apple
5.8328915,Red,Apple
2.1401477,Green,Apple
5.58884,Yellow,Apple
8.175108,Yellow,Banana
6.9092236,Yellow,Apple
9.980639,Yellow,Banana
1.1042776,Green,Apple
6.903862,Orange,Orange
3.8878827,Yellow,Apple
3.992382,Orange,Orange
5.8073673,Orange,Orange
8.513958,Yellow,Banana
7.609867,Green,Banana
4.6984196,Orange,Orange
5.313218,Red,Apple
3.1380842,Yellow,Apple
9.371426,Yellow,Banana
9.141022,Yellow,Banana
3.9800766,Red,Apple
6.01677,Yellow,Apple
6.813964,Yellow,Apple
4.2597923,Yellow,Apple
4.0632925,Yellow,Apple
5.7116294,Green,Banana
5.5991306,Red,Apple
8.013104,Yellow,Banana
2.9941342,Green,Apple
3.8758662,Orange,Orange
1.2844859,Green,Apple
4.1724424,Yellow,Apple
8.410663,Yellow,Banana
5.6957073,Red,Apple
8.829335,Yellow,Banana
2.7275915,Green,Apple
5.713635,Red,Apple
4.0193186,Red,Apple
3.4640875,Red,Apple
5.043271,Yellow,Apple
3.2107534,Red,Apple
4.6310654,Red,Apple
5.3113966,Red,Apple
5.8138056,Yellow,Apple
1.8253425,Green,Apple
6.016676,Green,Banana
5.8485713,Green,Banana
5.737977,Red,Apple
5.8874607,Red,Apple
9.014495,Yellow,Banana
4.4736366,Red,Apple
7.5316744,Green,Banana
4.256575,Red,Apple
8.723763,Yellow,Banana
5.8651233,Green,Banana
3.5373247,Orange,Orange
8.543282,Yellow,Banana
4.084907,Yellow,Apple
4.6340303,Yellow,Apple
1.4642729,Green,Apple
2.5951447,Green,Apple
4.4070673,Red,Apple
6.57358,Yellow,Apple
5.387106,Green,Banana
6.9576297,Orange,Orange
5.298065,Yellow,Apple
4.7696095,Red,Apple
3.423795,Orange,Orange
1.416912,Green,Apple
5.3910155,Orange,Orange
8.674183,Yellow,Banana
2.9224067,Green,Apple
6.6605096,Green,Banana
9.237371,Yellow,Banana
2.8969207,Green,Apple
4.0920696,Green,Banana
9.887694,Yellow,Banana
3.1094534,Red,Apple
4.7830496,Red,Apple
2.4719427,Green,Apple
4.5875278,Yellow,Apple
6.8063745,Yellow,Apple
7.2492504,Green,Banana
1.574417,Green,Apple
9.7314825,Yellow,Banana
1.1754504,Green,Apple
4.668398,Yellow,Apple
7.711805,Green,Banana
4.453815,Green,Banana
6.583891,Orange,Orange
4.1385775,Orange,Orange
9.407396,Yellow,Banana
6.7745667,Green,Banana
4.6651936,Green,Banana
4.459772,Red,Apple
6.0922503,Orange,Orange
3.4803922,Red,Apple
4.9310436,Red,Apple
2.6707294,Green,Apple
1.3787048,Green,Apple
6.137227,Yellow,Apple
1.7544179,Green,Apple
9.488977,Yellow,Banana
7.0416794,Green,Banana
1.4095597,Green,Apple
9.310373,Yellow,Banana
9.912371,Yellow,Banana
3.5116732,Orange,Orange
6.6829624,Yellow,Apple
3.7943695,Yellow,Apple
4.4499826,Yellow,Apple
5.4060607,Red,Apple
5.0975122,Red,Apple
5.3039975,Green,Banana
6.812969,Orange,Orange
4.071253,Yellow,Apple
1.0382426,Green,Apple
4.424856,Orange,Orange
4.7380533,Green,Banana
4.4153934,Red,Apple
7.46513,Green,Banana
4.68522,Orange,Orange
8.344725,Yellow,Banana
9.94048,Yellow,Banana
1.1845605,Green,Apple
9.444904,Yellow,Banana
5.2501354,Yellow,Apple
6.932131,Green,Banana
6.5848255,Orange,Orange
6.659279,Orange,Orange
6.2737637,Yellow,Apple
9.818258,Yellow,Banana
4.2968874,Red,Apple
4.25447,Yellow,Apple
3.160806,Red,Apple
4.1870747,Yellow,Apple
9.999022,Yellow,Banana
1.239461,Green,Apple
1.580859,Green,Apple
6.283554,Yellow,Apple
4.4575315,Yellow,Apple
4.9390574,Red,Apple
7.649369,Green,Banana
8.905331,Yellow,Banana
5.1026626,Yellow,Apple
4.646782,Red,Apple
4.8837996,Red,Apple
8.214228,Yellow,Banana
6.3461313,Yellow,Apple
3.7840075,Yellow,Apple
3.9489796,Yellow,Apple
9.930216,Yellow,Banana
2.6633277,Green,Apple
2.6725235,Green,Apple
3.504968,Yellow,Apple
8.187115,Yellow,Banana
5.082167,Red,Apple
7.067587,Green,Banana
6.158949,Yellow,Apple
5.267024,Yellow,Apple
2.5874186,Green,Apple
6.3366427,Green,Banana
6.3447447,Green,Banana
3.2739737,Red,Apple
1.2994121,Green,Apple
6.0154486,Orange,Orange
5.064249,Orange,Orange
6.3183823,Yellow,Apple
4.512247,Orange,Orange
9.522895,Yellow,Banana
4.0103626,Green,Banana
3.3900971,Orange,Orange
3.0944002,Yellow,Apple
6.536754,Yellow,Apple
5.29016,Yellow,Apple
6.2803965,Orange,Orange
9.213187,Yellow,Banana
8.215918,Yellow,Banana
5.987084,Orange,Orange
6.098066,Orange,Orange
9.482992,Yellow,Banana
8.7650585,Yellow,Banana
6.678578,Yellow,Apple
5.474494,Orange,Orange
3.6549478,Red,Apple
4.195289,Green,Banana
1.9785331,Green,Apple
5.017287,Orange,Orange
5.5423784,Red,Apple
7.154725,Green,Banana
4.1105046,Yellow,Apple
5.152643,Green,Banana
9.658401,Yellow,Banana
6.151473,Orange,Orange
1.1995016,Green,Apple
4.88778,Orange,Orange
2.7096682,Green,Apple
4.0049148,Green,Banana
1.7927833,Green,Apple
3.1511097,Yellow,Apple
9.451236,Yellow,Banana
3.0331988,Red,Apple
4.383054,Orange,Orange
3.0480433,Orange,Orange
4.766182,Red,Apple
2.6976352,Green,Apple
2.3740215,Green,Apple
5.8262205,Red,Apple
5.902486,Red,Apple
7.1560535,Green,Banana
3.1734288,Orange,Orange
3.7531223,Yellow,Apple
5.176953,Green,Banana
6.171217,Green,Banana
9.254329,Yellow,Banana
6.223056,Green,Banana
3.4704227,Orange,Orange
1.0698692,Green,Apple
4.6469812,Red,Apple
4.136817,Orange,Orange
6.7124023,Orange,Orange
9.378693,Yellow,Banana
3.4646776,Orange,Orange
8.5168085,Yellow,Banana
4.926661,Red,Apple
8.259506,Yellow,Banana
6.591881,Orange,Orange
4.779486,Orange,Orange
1.2016939,Green,Apple
1.8402765,Green,Apple
7.306488,Green,Banana
6.563776,Orange,Orange
6.9720707,Green,Banana
3.0810895,Red,Apple
4.5340815,Red,Apple
5.568786,Yellow,Apple
8.678839,Yellow,Banana
4.281245,Orange,Orange
5.182658,Orange,Orange
5.517741,Orange,Orange
6.080557,Orange,Orange
2.1894796,Green,Apple
8.750047,Yellow,Banana
6.2507963,Green,Banana
5.666003,Red,Apple
5.5794353,Green,Banana
4.8423204,Red,Apple
5.2871494,Green,Banana
5.0595336,Yellow,Apple
5.0739274,Orange,Orange
9.536388,Yellow,Banana
9.143989,Yellow,Banana
4.5486765,Red,Apple
9.037062,Yellow,Banana
1.9178058,Green,Apple
6.038295,Orange,Orange
9.629719,Yellow,Banana
2.5059743,Green,Apple
4.7712793,Orange,Orange
9.472042,Yellow,Banana
9.4779415,Yellow,Banana
2.869256,Green,Apple
6.0924797,Green,Banana
1.9269278,Green,Apple
8.637804,Yellow,Banana
5.2951627,Yellow,Apple
5.080742,Orange,Orange
5.9404488,Orange,Orange
5.4525185,Green,Banana
5.93567,Red,Apple
3.8887346,Orange,Orange
3.5401978,Orange,Orange
1.92131,Green,Apple
6.4574065,Green,Banana
7.9023714,Green,Banana
5.991993,Yellow,Apple
1.0276468,Green,Apple
8.582519,Yellow,Banana
8.795434,Yellow,Banana
5.5015984,Red,Apple
5.2468038,Yellow,Apple
9.539137,Yellow,Banana
5.1402187,Red,Apple
2.4263175,Green,Apple
6.4436975,Green,Banana
6.8077884,Orange,Orange
3.7969174,Red,Apple
6.421285,Orange,Orange
4.367073,Yellow,Apple
4.5498724,Red,Apple
2.1790223,Green,Apple
6.8533354,Yellow,Apple
8.998577,Yellow,Banana
2.4687128,Green,Apple
4.981639,Yellow,Apple
6.2375393,Yellow,Apple
9.702048,Yellow,Banana
2.529085,Green,Apple
4.964475,Orange,Orange
8.842665,Yellow,Banana
5.4195743,Green,Banana
4.8120227,Green,Banana
5.7836914,Green,Banana
2.6217332,Green,Apple
5.757983,Red,Apple
4.285268,Orange,Orange
6.4269648,Green,Banana
3.556573,Yellow,Apple
8.972359,Yellow,Banana
4.937748,Orange,Orange
6.3541975,Orange,Orange
5.921418,Yellow,Apple
6.5653267,Yellow,Apple
4.788162,Red,Apple
3.4272172,Red,Apple
9.23077,Yellow,Banana
5.94672,Yellow,Apple
8.379073,Yellow,Banana
5.4710712,Green,Banana
2.3233922,Green,Apple
4.8880014,Red,Apple
4.8046417,Green,Banana
4.275544,Yellow,Apple
2.3893425,Green,Apple
3.799329,Red,Apple
6.2165,Green,Banana
5.9660964,Yellow,Apple
2.3651772,Green,Apple
3.5915947,Yellow,Apple
9.879579,Yellow,Banana
6.1151843,Yellow,Apple
3.5120566,Orange,Orange
4.84029,Orange,Orange
2.5849972,Green,Apple
1.769921,Green,Apple
5.3138547,Yellow,Apple
1.4459883,Green,Apple
4.2577076,Green,Banana
4.3146143,Orange,Orange
5.8366275,Green,Banana
2.5393007,Green,Apple
4.8627496,Yellow,Apple
3.933161,Yellow,Apple
8.120245,Yellow,Banana
6.4500523,Orange,Orange
4.3101654,Orange,Orange
3.0457397,Red,Apple
6.9911976,Orange,Orange
1.7849317,Green,Apple
4.833481,Yellow,Apple
4.3200274,Orange,Orange
1.5373985,Green,Apple
2.3674269,Green,Apple
8.855911,Yellow,Banana
2.0856805,Green,Apple
4.777792,Green,Banana
7.399231,Green,Banana
4.0078735,Orange,Orange
6.5498314,Yellow,Apple
3.793795,Yellow,Apple
5.5533314,Red,Apple
9.733032,Yellow,Banana
7.946125,Green,Banana
3.4845238,Orange,Orange
5.2760677,Orange,Orange
6.249464,Orange,Orange
8.468784,Yellow,Banana
7.1615086,Green,Banana
2.7501116,Green,Apple
4.727191,Yellow,Apple
3.4092708,Red,Apple
1.5660206,Green,Apple
2.9423797,Green,Apple
4.2222867,Green,Banana
7.902225,Green,Banana
2.6862307,Green,Apple
3.9092715,Red,Apple
3.2788403,Red,Apple
1.2545485,Green,Apple
7.3475103,Green,Banana
5.9094515,Red,Apple
7.6492634,Green,Banana
3.8324585,Red,Apple
9.527584,Yellow,Banana
2.260063,Green,Apple
9.147532,Yellow,Banana
3.2924933,Orange,Orange
3.575085,Orange,Orange
3.990321,Red,Apple
4.184272,Red,Apple
6.8997803,Yellow,Apple
1.3438389,Green,Apple
4.718564,Yellow,Apple
3.115002,Yellow,Apple
5.3877993,Red,Apple
2.9081304,Green,Apple
6.7517924,Orange,Orange
5.7034035,Yellow,Apple
6.711483,Green,Banana
4.095484,Red,Apple
8.449217,Yellow,Banana
9.99828,Yellow,Banana
4.184003,Orange,Orange
6.708986,Orange,Orange
3.5884411,Red,Apple
3.7032247,Orange,Orange
4.235496,Green,Banana
4.7056923,Green,Banana
4.240898,Green,Banana
9.341483,Yellow,Banana
1.677508,Green,Apple
5.337608,Red,Apple
2.7887695,Green,Apple
6.3934264,Yellow,Apple
2.8982697,Green,Apple
1.7723409,Green,Apple
6.005905,Green,Banana
4.905333,Red,Apple
4.4410224,Red,Apple
6.702793,Yellow,Apple
4.1527605,Yellow,Apple
3.1572201,Red,Apple
5.727296,Yellow,Apple
4.720173,Orange,Orange
5.347882,Green,Banana
6.103631,Orange,Orange
3.401885,Yellow,Apple
2.735683,Green,Apple
1.2918484,Green,Apple
6.262988,Green,Banana
4.271368,Orange,Orange
5.2702847,Orange,Orange
6.355815,Green,Banana
2.6058054,Green,Apple
5.6327734,Orange,Orange
2.0485177,Green,Apple
5.548748,Orange,Orange
2.376059,Green,Apple
4.3785834,Yellow,Apple
1.4107022,Green,Apple
5.5304,Yellow,Apple
3.8417158,Red,Apple
5.9529014,Orange,Orange
6.49046,Orange,Orange
4.3655486,Red,Apple
5.6929016,Red,Apple
8.009721,Yellow,Banana
4.3571463,Green,Banana
2.9335794,Green,Apple
7.8262606,Green,Banana
5.979536,Orange,Orange
4.2939286,Red,Apple
3.498933,Yellow,Apple
3.3716483,Red,Apple
8.725703,Yellow,Banana
5.3487053,Red,Apple
6.634263,Orange,Orange
3.790974,Red,Apple
3.8547256,Orange,Orange
3.520858,Yellow,Apple
3.5660613,Orange,Orange
6.4643908,Green,Banana
6.356969,Orange,Orange
2.024004,Green,Apple
4.605838,Red,Apple
7.3934,Green,Banana
7.754857,Green,Banana
5.126297,Orange,Orange
6.3604345,Green,Banana
2.111009,Green,Apple
8.238352,Yellow,Banana
1.6536068,Green,Apple
9.41307,Yellow,Banana
5.63004,Yellow,Apple
5.0674796,Yellow,Apple
1.9274371,Green,Apple
9.085476,Yellow,Banana
4.373641,Red,Apple
9.929766,Yellow,Banana
3.494564,Orange,Orange
6.8542175,Yellow,Apple
4.8906903,Orange,Orange
6.189658,Green,Banana
5.5953784,Yellow,Apple
6.8791504,Orange,Orange
9.887104,Yellow,Banana
4.309473,Red,Apple
2.8502488,Green,Apple
7.26737,Green,Banana
4.2189903,Green,Banana
3.8298311,Yellow,Apple
8.995693,Yellow,Banana
4.295683,Yellow,Apple
4.337137,Red,Apple
9.688425,Yellow,Banana
8.020793,Yellow,Banana
5.699265,Yellow,Apple
4.8390102,Orange,Orange
5.423725,Orange,Orange
5.4693937,Red,Apple
9.308559,Yellow,Banana
6.09165,Green,Banana
5.5965805,Yellow,Apple
3.1070368,Yellow,Apple
8.992129,Yellow,Banana
4.9802084,Yellow,Apple
6.8108997,Green,Banana
5.939727,Green,Banana
6.441673,Orange,Orange
5.1939754,Orange,Orange
5.826084,Orange,Orange
4.9285555,Red,Apple
3.022101,Yellow,Apple
6.454423,Yellow,Apple
5.459273,Red,Apple
6.5802736,Green,Banana
2.2120628,Green,Apple
4.034485,Red,Apple
5.776352,Green,Banana
8.915171,Yellow,Banana
8.557764,Yellow,Banana
1.6505961,Green,Apple
3.80382,Orange,Orange
2.6884532,Green,Apple
1.6634091,Green,Apple
9.135296,Yellow,Banana
5.7101164,Red,Apple
7.2842684,Green,Banana
3.0512326,Red,Apple
4.0981836,Orange,Orange
3.355966,Orange,Orange
8.587835,Yellow,Banana
1.1705782,Green,Apple
9.137307,Yellow,Banana
3.5972447,Red,Apple
6.394356,Yellow,Apple
5.147673,Orange,Orange
7.4851904,Green,Banana
3.033373,Yellow,Apple
6.586665,Green,Banana
4.1352863,Red,Apple
3.9403207,Orange,Orange
5.87778,Orange,Orange
4.736084,Orange,Orange
5.783302,Yellow,Apple
8.270449,Yellow,Banana
2.2156465,Green,Apple
4.378934,Red,Apple
8.896473,Yellow,Banana
8.285273,Yellow,Banana
9.626268,Yellow,Banana
6.0052056,Orange,Orange
6.6553984,Yellow,Apple
2.9300036,Green,Apple
1.6353931,Green,Apple
5.0781627,Orange,Orange
6.1861954,Yellow,Apple
5.809269,Orange,Orange
6.9799976,Orange,Orange
4.487308,Red,Apple
8.119699,Yellow,Banana
5.3594904,Green,Banana
8.996084,Yellow,Banana
9.496353,Yellow,Banana
4.7646823,Green,Banana
2.262415,Green,Apple
5.210435,Yellow,Apple
4.8967338,Orange,Orange
6.4867334,Yellow,Apple
9.838965,Yellow,Banana
4.8062954,Green,Banana
5.739596,Orange,Orange
5.2365866,Red,Apple
6.5567927,Yellow,Apple
9.83043,Yellow,Banana
4.2988634,Red,Apple
1.0206882,Green,Apple
6.640486,Green,Banana
6.350443,Orange,Orange
6.3594637,Yellow,Apple
6.2912245,Yellow,Apple
5.77711,Orange,Orange
4.428959,Yellow,Apple
5.834154,Red,Apple
8.6158695,Yellow,Banana
6.518359,Yellow,Apple
2.2298,Green,Apple
2.9913197,Green,Apple
3.1639957,Red,Apple
1.5214965,Green,Apple
9.602401,Yellow,Banana
3.0323033,Yellow,Apple
5.490177,Yellow,Apple
2.4361384,Green,Apple
6.353572,Green,Banana
3.3803368,Orange,Orange
5.8463945,Red,Apple
5.4854045,Yellow,Apple
3.7909043,Red,Apple
2.1134825,Green,Apple
6.4556313,Green,Banana
3.4727027,Yellow,Apple
8.966206,Yellow,Banana
6.364255,Green,Banana
6.051855,Green,Banana
1.6417485,Green,Apple
9.144265,Yellow,Banana
5.4783072,Orange,Orange
4.747713,Green,Banana
1.8082788,Green,Apple
2.1572042,Green,Apple
9.829376,Yellow,Banana
4.1794906,Red,Apple
9.50651,Yellow,Banana
7.8589754,Green,Banana
8.344049,Yellow,Banana
4.3849773,Green,Banana
5.4241323,Red,Apple
9.498391,Yellow,Banana
3.3960235,Red,Apple
6.49257,Green,Banana
6.714864,Yellow,Apple
4.8573427,Green,Banana
2.309484,Green,Apple
2.0519104,Green,Apple
7.5532937,Green,Banana
7.3151817,Green,Banana
3.7480435,Red,Apple
8.417531,Yellow,Banana
9.0583105,Yellow,Banana
5.8867083,Red,Apple
5.645726,Red,Apple
4.765526,Red,Apple
7.1143847,Green,Banana
3.781929,Red,Apple
4.406015,Red,Apple
5.5660844,Red,Apple
3.4522336,Yellow,Apple
2.069017,Green,Apple
3.393665,Yellow,Apple
7.451743,Green,Banana
8.873397,Yellow,Banana
9.110207,Yellow,Banana
8.752429,Yellow,Banana
2.6790254,Green,Apple
4.6394844,Yellow,Apple
7.4113426,Green,Banana
3.8394585,Orange,Orange
4.415861,Green,Banana
7.5839787,Green,Banana
4.093351,Green,Banana
6.6257,Yellow,Apple
3.640397,Orange,Orange
1.412208,Green,Apple
4.841401,Yellow,Apple
2.0853271,Green,Apple
2.4490623,Green,Apple
9.011883,Yellow,Banana
5.4961042,Yellow,Apple
5.6036577,Orange,Orange
1.9986253,Green,Apple
7.225758,Green,Banana
8.684336,Yellow,Banana
1.0227243,Green,Apple
4.2536736,Yellow,Apple
2.4769382,Green,Apple
3.2348623,Yellow,Apple
4.351852,Red,Apple
5.544653,Orange,Orange
3.9742258,Yellow,Apple
6.3848343,Yellow,Apple
1.533897,Green,Apple
2.991108,Green,Apple
7.018116,Green,Banana
5.713503,Red,Apple
5.4888253,Green,Banana
9.29423,Yellow,Banana
5.8340693,Orange,Orange
7.984117,Green,Banana
5.903015,Green,Banana
6.2430964,Green,Banana
3.0534203,Red,Apple
4.1544204,Green,Banana
6.047345,Yellow,Apple
4.9815936,Red,Apple
9.8782015,Yellow,Banana
4.4341683,Green,Banana
3.4525797,Orange,Orange
9.062564,Yellow,Banana
4.092445,Orange,Orange
4.3126974,Green,Banana
3.096516,Orange,Orange
4.251869,Orange,Orange
2.002963,Green,Apple
3.0227828,Red,Apple
2.3637958,Green,Apple
4.642851,Orange,Orange
3.5878925,Red,Apple
2.391152,Green,Apple
2.5445347,Green,Apple
3.7972963,Yellow,Apple
4.1726713,Orange,Orange
8.420797,Yellow,Banana
4.9819126,Orange,Orange
4.5894785,Orange,Orange
2.941759,Green,Apple
8.583714,Yellow,Banana
4.08337,Green,Banana
5.28627,Red,Apple
4.695362,Yellow,Apple
1.28481,Green,Apple
3.761724,Red,Apple
4.3914638,Orange,Orange
5.7258434,Red,Apple
6.125328,Yellow,Apple
8.4516945,Yellow,Banana
9.966366,Yellow,Banana
9.630705,Yellow,Banana
3.8809912,Orange,Orange
6.652957,Yellow,Apple
1.3047931,Green,Apple
6.457565,Yellow,Apple
5.86324,Orange,Orange
4.4541197,Yellow,Apple
1.6330453,Green,Apple
6.634559,Orange,Orange
9.385047,Yellow,Banana
3.028229,Orange,Orange
9.597689,Yellow,Banana
8.375294,Yellow,Banana
7.5659595,Green,Banana
9.301295,Yellow,Banana
2.3649044,Green,Apple
6.2333145,Yellow,Apple
2.3259807,Green,Apple
2.0859456,Green,Apple
6.790373,Orange,Orange
5.508318,Yellow,Apple
9.427942,Yellow,Banana
7.9766903,Green,Banana
4.335826,Yellow,Apple
9.033824,Yellow,Banana
9.771008,Yellow,Banana
7.2129803,Green,Banana
4.8755636,Green,Banana
6.649612,Green,Banana
5.9929695,Red,Apple
2.2489,Green,Apple
2.2981749,Green,Apple
5.971051,Orange,Orange
6.7323556,Orange,Orange
4.4417233,Red,Apple
5.3262296,Red,Apple
6.256179,Green,Banana
6.197336,Orange,Orange
1.7146237,Green,Apple
6.652092,Orange,Orange
2.2573957,Green,Apple
4.8941393,Red,Apple
7.742135,Green,Banana
3.8039494,Red,Apple
2.39542,Green,Apple
4.149682,Orange,Orange
5.8183427,Green,Banana
5.5502615,Green,Banana
8.328417,Yellow,Banana
4.0829353,Yellow,Apple
6.7266817,Orange,Orange
2.2252307,Green,Apple
5.6281586,Yellow,Apple
7.893516,Green,Banana
9.494397,Yellow,Banana
5.0421367,Orange,Orange
4.1597004,Red,Apple
5.5508504,Red,Apple
3.4530947,Red,Apple
4.067412,Yellow,Apple
9.462843,Yellow,Banana
3.690778,Yellow,Apple
6.7315006,Yellow,Apple
3.9310675,Yellow,Apple
4.206072,Red,Apple
5.693822,Yellow,Apple
3.904859,Orange,Orange
7.74761,Green,Banana
9.765228,Yellow,Banana
3.4996495,Yellow,Apple
5.2200027,Yellow,Apple
1.1151285,Green,Apple
5.641899,Green,Banana
4.443984,Red,Apple
9.725599,Yellow,Banana
6.521969,Yellow,Apple
4.2432284,Red,Apple
5.491418,Yellow,Apple
3.3472502,Red,Apple
5.403466,Yellow,Apple
5.6260834,Green,Banana
3.689466,Yellow,Apple
6.7291193,Orange,Orange
5.2636747,Green,Banana
3.3787732,Red,Apple
2.9288979,Green,Apple
8.786793,Yellow,Banana
5.3576903,Yellow,Apple
5.4538774,Yellow,Apple
4.8086834,Red,Apple
6.935592,Orange,Orange
3.6050973,Orange,Orange
5.398617,Green,Banana
2.8783693,Green,Apple
4.755978,Yellow,Apple
5.5588045,Green,Banana
8.758491,Yellow,Banana
7.4945364,Green,Banana
1.4013479,Green,Apple
5.8740773,Green,Banana
1.0586271,Green,Apple
3.6068444,Yellow,Apple
5.071277,Red,Apple
3.3121378,Orange,Orange
6.9955235,Green,Banana
1.1165445,Green,Apple
8.208359,Yellow,Banana
5.406536,Green,Banana
6.496599,Orange,Orange
6.8546886,Orange,Orange
6.6296344,Green,Banana
5.6154437,Red,Apple
5.9624596,Orange,Orange
4.1926084,Red,Apple
4.7127533,Orange,Orange
3.5372684,Orange,Orange
4.7715783,Yellow,Apple
4.927702,Red,Apple
7.141428,Green,Banana
7.6106453,Green,Banana
5.7292953,Orange,Orange
9.66666,Yellow,Banana
5.4843316,Green,Banana
3.1217725,Yellow,Apple
3.990963,Orange,Orange
6.2665176,Yellow,Apple
3.874701,Red,Apple
9.190273,Yellow,Banana
5.0143185,Orange,Orange
5.5753536,Green,Banana
2.8153887,Green,Apple
4.5262303,Red,Apple
9.701272,Yellow,Banana
3.6908445,Red,Apple
1.7822948,Green,Apple
2.1270971,Green,Apple
8.527617,Yellow,Banana
4.5603704,Orange,Orange
6.751239,Green,Banana
6.6489706,Green,Banana
6.036865,Orange,Orange
3.1240375,Orange,Orange
6.700219,Green,Banana
5.436824,Yellow,Apple
6.977082,Green,Banana
8.528957,Yellow,Banana
2.810731,Green,Apple
9.415013,Yellow,Banana
3.064019,Yellow,Apple
4.9208517,Green,Banana
2.2871084,Green,Apple
3.1348376,Yellow,Apple
3.279945,Yellow,Apple
7.104032,Green,Banana
5.556465,Orange,Orange
4.230274,Yellow,Apple
8.959624,Yellow,Banana
6.4048877,Yellow,Apple
8.251454,Yellow,Banana
4.4515314,Red,Apple
8.764178,Yellow,Banana
6.6671333,Orange,Orange
6.891679,Yellow,Apple
3.3289287,Orange,Orange
5.768322,Yellow,Apple
7.204737,Green,Banana
4.129541,Orange,Orange
4.897194,Red,Apple
9.109706,Yellow,Banana
2.1701365,Green,Apple
8.1033535,Yellow,Banana
5.0573053,Red,Apple
3.143818,Red,Apple
5.1720247,Red,Apple
8.501245,Yellow,Banana
4.997203,Green,Banana
2.0398192,Green,Apple
5.5884724,Red,Apple
6.707632,Green,Banana
7.7939196,Green,Banana
9.953846,Yellow,Banana
3.8544204,Red,Apple
2.0117598,Green,Apple
3.9323294,Orange,Orange
6.7301993,Green,Banana
9.340162,Yellow,Banana
9.559104,Yellow,Banana
1.9364228,Green,Apple
4.837307,Orange,Orange
9.214834,Yellow,Banana
7.3646684,Green,Banana
6.5867887,Yellow,Apple
2.3932047,Green,Apple
8.410921,Yellow,Banana
4.0969605,Yellow,Apple
1.623679,Green,Apple
4.413315,Green,Banana
5.527957,Yellow,Apple
1.7867733,Green,Apple
4.9831524,Red,Apple
5.114665,Yellow,Apple
1.6314886,Green,Apple
3.5378203,Red,Apple
6.4825735,Orange,Orange
4.7770305,Yellow,Apple
4.832855,Yellow,Apple
2.6472054,Green,Apple
5.5547543,Orange,Orange
5.802237,Orange,Orange
8.694471,Yellow,Banana
8.684087,Yellow,Banana
4.379005,Yellow,Apple
3.6887288,Orange,Orange
1.1552129,Green,Apple
2.1167665,Green,Apple
9.372982,Yellow,Banana
5.8495803,Red,Apple
6.399493,Yellow,Apple
9.013274,Yellow,Banana
4.046432,Yellow,Apple
9.4097395,Yellow,Banana
8.482575,Yellow,Banana
5.863968,Green,Banana
5.7059827,Green,Banana
6.675274,Orange,Orange
3.3558447,Orange,Orange
6.673248,Green,Banana
2.8054125,Green,Apple
6.1739445,Orange,Orange
8.241063,Yellow,Banana
4.460446,Yellow,Apple
4.7684236,Red,Apple
2.49852,Green,Apple
3.1689901,Orange,Orange
4.509123,Orange,Orange
6.3245335,Yellow,Apple
4.1518936,Red,Apple
3.1784096,Yellow,Apple
4.221815,Green,Banana
4.525735,Red,Apple
2.0919864,Green,Apple
2.0156956,Green,Apple
1.5772353,Green,Apple
5.293708,Yellow,Apple
5.072869,Yellow,Apple
5.4541664,Red,Apple
7.7490706,Green,Banana
4.0560427,Yellow,Apple
5.1216116,Yellow,Apple
6.885594,Yellow,Apple
6.9803314,Orange,Orange
5.2190742,Green,Banana
8.224634,Yellow,Banana
5.956517,Red,Apple
4.7224236,Green,Banana
7.4912405,Green,Banana
9.561371,Yellow,Banana
1.5076783,Green,Apple
7.001196,Green,Banana
6.6345644,Green,Banana
4.5197077,Yellow,Apple
5.689805,Yellow,Apple
4.931013,Orange,Orange
2.0041647,Green,Apple
5.9079137,Yellow,Apple
4.1761384,Yellow,Apple
8.357062,Yellow,Banana
4.927996,Green,Banana
5.2575297,Red,Apple
4.9584785,Red,Apple
4.516032,Red,Apple
6.731753,Yellow,Apple
3.0819423,Red,Apple
8.058708,Yellow,Banana
9.340788,Yellow,Banana
3.902987,Yellow,Apple
2.7104511,Green,Apple
4.6691465,Red,Apple
7.152286,Green,Banana
3.7428524,Red,Apple
3.5708745,Orange,Orange
5.1931214,Green,Banana
8.246592,Yellow,Banana
3.1640978,Yellow,Apple
5.2729063,Red,Apple
9.976,Yellow,Banana
8.700534,Yellow,Banana
1.0434622,Green,Apple
4.9363413,Yellow,Apple
2.7771907,Green,Apple
2.7952056,Green,Apple
4.081189,Red,Apple
5.2268133,Orange,Orange
4.0741796,Yellow,Apple
3.846843,Orange,Orange
1.2824588,Green,Apple
8.397294,Yellow,Banana
4.944783,Green,Banana
5.7108755,Red,Apple
5.8602924,Green,Banana
8.854888,Yellow,Banana
4.720604,Red,Apple
2.4121752,Green,Apple
4.1494665,Orange,Orange
2.111442,Green,Apple
9.159956,Yellow,Banana
9.216288,Yellow,Banana
6.12111,Orange,Orange
5.867389,Yellow,Apple
4.90864,Yellow,Apple
2.6676483,Green,Apple
9.102065,Yellow,Banana
3.0251985,Yellow,Apple
5.530056,Orange,Orange
7.0941467,Green,Banana
9.3037405,Yellow,Banana
1.0655763,Green,Apple
4.422639,Yellow,Apple
5.616829,Yellow,Apple
2.6546173,Green,Apple
1.0566114,Green,Apple
8.303109,Yellow,Banana
3.667401,Yellow,Apple
4.5259523,Green,Banana
4.303983,Red,Apple
4.3048306,Red,Apple
8.158213,Yellow,Banana
1.756408,Green,Apple
9.124185,Yellow,Banana
3.739158,Yellow,Apple
5.6854267,Red,Apple
9.355772,Yellow,Banana
2.7002933,Green,Apple
3.785247,Orange,Orange
4.6416225,Red,Apple
1.7011484,Green,Apple
2.6142583,Green,Apple
7.484553,Green,Banana
5.137785,Red,Apple
4.842284,Red,Apple
8.490117,Yellow,Banana
2.369626,Green,Apple
4.1477427,Red,Apple
3.0450227,Red,Apple
2.7196662,Green,Apple
1.4220117,Green,Apple
3.0488281,Yellow,Apple
6.5441613,Green,Banana
4.9183555,Red,Apple
5.8328695,Yellow,Apple
2.8554516,Green,Apple
5.62605,Yellow,Apple
5.2556915,Yellow,Apple
3.3122802,Yellow,Apple
3.345961,Orange,Orange
6.814829,Green,Banana
8.822756,Yellow,Banana
4.233564,Orange,Orange
8.505845,Yellow,Banana
1.0906647,Green,Apple
7.5704474,Green,Banana
6.1682467,Green,Banana
7.701642,Green,Banana
2.3989682,Green,Apple
4.7462306,Yellow,Apple
3.2222612,Yellow,Apple
6.4003124,Green,Banana
4.5915155,Green,Banana
4.813409,Yellow,Apple
1.3253851,Green,Apple
5.4533906,Red,Apple
8.274723,Yellow,Banana
5.664445,Yellow,Apple
1.9093379,Green,Apple
3.1612394,Orange,Orange
3.7302186,Red,Apple
6.3224897,Orange,Orange
6.3798046,Orange,Orange
1.4681636,Green,Apple
5.884883,Orange,Orange
8.506645,Yellow,Banana
4.10937,Green,Banana
3.9454424,Red,Apple
5.029174,Red,Apple
2.398779,Green,Apple
6.627492,Green,Banana
8.391126,Yellow,Banana
4.52013,Orange,Orange
3.5099056,Yellow,Apple
7.6246295,Green,Banana
5.5167484,Green,Banana
6.5677557,Orange,Orange
6.110481,Green,Banana
3.6223297,Yellow,Apple
6.9194202,Orange,Orange
5.8199334,Orange,Orange
3.1121178,Red,Apple
1.5510695,Green,Apple
8.979862,Yellow,Banana
3.7021034,Orange,Orange
9.193526,Yellow,Banana
5.3658433,Red,Apple
3.2780786,Red,Apple
8.084869,Yellow,Banana
5.002266,Green,Banana
6.1584606,Yellow,Apple
3.0942545,Red,Apple
4.3763747,Red,Apple
5.001507,Green,Banana
5.5712,Red,Apple
4.628624,Red,Apple
6.764197,Yellow,Apple
2.7427328,Green,Apple
4.996647,Red,Apple
3.9067605,Orange,Orange
4.118477,Red,Apple
4.4737535,Green,Banana
4.381486,Green,Banana
3.9261582,Red,Apple
5.03995,Yellow,Apple
4.5342474,Orange,Orange
2.975439,Green,Apple
5.6593666,Orange,Orange
9.046659,Yellow,Banana
5.06341,Green,Banana
6.5172224,Green,Banana
4.97431,Red,Apple
3.2893527,Red,Apple
5.7910986,Orange,Orange
1.3889052,Green,Apple
6.0546064,Green,Banana
1.8425508,Green,Apple
2.2242026,Green,Apple
6.5326285,Yellow,Apple
8.597747,Yellow,Banana
5.443652,Orange,Orange
6.6007204,Yellow,Apple
2.8088546,Green,Apple
3.5410824,Yellow,Apple
4.119604,Green,Banana
4.1178493,Orange,Orange
5.820255,Yellow,Apple
6.8977413,Green,Banana
1.5003139,Green,Apple
8.718682,Yellow,Banana
6.6829996,Orange,Orange
7.783772,Green,Banana
8.633492,Yellow,Banana
3.0910385,Orange,Orange
3.8176577,Orange,Orange
5.595322,Green,Banana
3.6149974,Orange,Orange
8.544948,Yellow,Banana
4.629547,Red,Apple
6.858176,Orange,Orange
4.647507,Red,Apple
6.822974,Green,Banana
5.3199215,Yellow,Apple
4.386175,Green,Banana
8.626055,Yellow,Banana
3.3394213,Orange,Orange
1.7567189,Green,Apple
2.1994872,Green,Apple
3.4824533,Red,Apple
3.9856799,Red,Apple
9.237125,Yellow,Banana
6.059123,Green,Banana
6.6647215,Orange,Orange
8.087953,Yellow,Banana
2.3283668,Green,Apple
4.966957,Red,Apple
8.181184,Yellow,Banana
5.9549375,Red,Apple
5.9559164,Red,Apple
8.142285,Yellow,Banana
4.338515,Green,Banana
5.5420227,Orange,Orange
8.497316,Yellow,Banana
4.6227903,Green,Banana
2.5779078,Green,Apple
5.2679462,Orange,Orange
5.087908,Red,Apple
6.546619,Green,Banana
3.8364668,Red,Apple
2.0021565,Green,Apple
9.612776,Yellow,Banana
5.9112163,Yellow,Apple
4.9308662,Red,Apple
5.111615,Yellow,Apple
2.5264435,Green,Apple
5.927422,Green,Banana
4.02719,Green,Banana
6.625261,Green,Banana
3.7456937,Yellow,Apple
6.353707,Yellow,Apple
5.1870375,Green,Banana
5.59706,Red,Apple
4.083008,Orange,Orange
8.306765,Yellow,Banana
7.9762845,Green,Banana
4.976281,Green,Banana
9.081148,Yellow,Banana
8.2464695,Yellow,Banana
7.432786,Green,Banana
6.907506,Yellow,Apple
1.0720245,Green,Apple
5.0504503,Green,Banana
4.5027866,Yellow,Apple
4.6526265,Red,Apple
4.54655,Yellow,Apple
4.104308,Yellow,Apple
5.9817257,Green,Banana
2.6991205,Green,Apple
4.921838,Red,Apple
7.736764,Green,Banana
3.1208081,Red,Apple
9.843807,Yellow,Banana
9.160949,Yellow,Banana
5.9281034,Red,Apple
4.7717433,Red,Apple
3.5426881,Red,Apple
3.3211286,Yellow,Apple
4.9651604,Red,Apple
5.7585964,Yellow,Apple
4.6993275,Orange,Orange
5.702096,Yellow,Apple
3.8070643,Yellow,Apple
5.959571,Yellow,Apple
5.659686,Yellow,Apple
3.2962472,Red,Apple
4.175743,Orange,Orange
4.86699,Orange,Orange
8.81078,Yellow,Banana
4.3996835,Red,Apple
7.7225666,Green,Banana
6.8227224,Yellow,Apple
4.986641,Green,Banana
2.2059832,Green,Apple
4.371951,Red,Apple
5.873619,Yellow,Apple
6.606846,Orange,Orange
4.108459,Red,Apple
4.0737596,Red,Apple
8.254064,Yellow,Banana
5.595126,Orange,Orange
9.528864,Yellow,Banana
3.246919,Red,Apple
9.796707,Yellow,Banana
5.115012,Red,Apple
4.65611,Green,Banana
4.356414,Yellow,Apple
2.010632,Green,Apple
9.483164,Yellow,Banana
3.892071,Red,Apple
3.308695,Red,Apple
7.2000394,Green,Banana
8.871575,Yellow,Banana
2.06554,Green,Apple
6.016247,Orange,Orange
9.726029,Yellow,Banana
5.6002674,Yellow,Apple
5.1782346,Red,Apple
5.5183268,Yellow,Apple
7.8269215,Green,Banana
2.002072,Green,Apple
3.3401434,Yellow,Apple
3.9223804,Orange,Orange
7.3104124,Green,Banana
8.190279,Yellow,Banana
1.7306727,Green,Apple
2.6884441,Green,Apple
4.87437,Orange,Orange
2.7744215,Green,Apple
8.541936,Yellow,Banana
9.154026,Yellow,Banana
3.8340456,Yellow,Apple
5.481967,Red,Apple
5.674091,Yellow,Apple
7.244408,Green,Banana
5.566099,Green,Banana
6.4492803,Orange,Orange
9.049467,Yellow,Banana
5.3498197,Orange,Orange
6.325062,Orange,Orange
2.1459684,Green,Apple
8.386301,Yellow,Banana
8.239581,Yellow,Banana
4.741814,Orange,Orange
3.6541069,Yellow,Apple
8.394342,Yellow,Banana
8.9521265,Yellow,Banana
2.3958044,Green,Apple
8.575537,Yellow,Banana
8.69151,Yellow,Banana
3.4558747,Red,Apple
1.2922964,Green,Apple
5.559169,Red,Apple
4.030189,Green,Banana
2.1993744,Green,Apple
4.9369507,Green,Banana
6.957181,Green,Banana
6.78617,Orange,Orange
2.6546946,Green,Apple
2.189056,Green,Apple
3.5321355,Red,Apple
1.1726686,Green,Apple
9.446868,Yellow,Banana
5.9945354,Red,Apple
2.8851917,Green,Apple
3.5551815,Yellow,Apple
8.105538,Yellow,Banana
4.3901978,Red,Apple
5.212045,Green,Banana
7.1634016,Green,Banana
9.240921,Yellow,Banana
9.325189,Yellow,Banana
3.8225176,Red,Apple
5.084117,Red,Apple
8.727938,Yellow,Banana
6.8203497,Orange,Orange
9.830608,Yellow,Banana
8.435808,Yellow,Banana
6.9792747,Green,Banana
6.388425,Orange,Orange
1.6486844,Green,Apple
5.27459,Green,Banana
1.8452348,Green,Apple
1.4280901,Green,Apple
2.5628324,Green,Apple
1.0237199,Green,Apple
5.9073706,Red,Apple
5.205633,Green,Banana
5.5261736,Orange,Orange
4.418065,Red,Apple
4.4344044,Orange,Orange
3.4193687,Red,Apple
4.3909607,Red,Apple
9.470043,Yellow,Banana
7.548195,Green,Banana
1.2180126,Green,Apple
1.8100423,Green,Apple
8.504892,Yellow,Banana
5.293908,Yellow,Apple
9.925088,Yellow,Banana
5.104312,Yellow,Apple
1.0512851,Green,Apple
9.798295,Yellow,Banana
6.7587986,Orange,Orange
9.793988,Yellow,Banana
1.4362065,Green,Apple
3.034987,Red,Apple
3.8312354,Red,Apple
5.589032,Green,Banana
3.80873,Yellow,Apple
8.847689,Yellow,Banana
4.713121,Red,Apple
3.8010814,Red,Apple
5.8249836,Yellow,Apple
2.9107127,Green,Apple
3.329654,Yellow,Apple
9.923153,Yellow,Banana
6.64221,Orange,Orange
4.4298587,Green,Banana
6.25406,Green,Banana
2.752557,Green,Apple
5.3247924,Green,Banana
8.85252,Yellow,Banana
4.620348,Green,Banana
2.6866097,Green,Apple
4.5615244,Orange,Orange
8.826368,Yellow,Banana
3.8656745,Yellow,Apple
1.4683034,Green,Apple
3.3874013,Red,Apple
9.812167,Yellow,Banana
1.6959105,Green,Apple
8.6602125,Yellow,Banana
4.187299,Red,Apple
5.1888304,Red,Apple
6.217476,Green,Banana
2.0708678,Green,Apple
6.394917,Orange,Orange
9.977591,Yellow,Banana
4.9403324,Orange,Orange
9.467001,Yellow,Banana
5.863846,Orange,Orange
5.657876,Red,Apple
2.0209079,Green,Apple
3.7447522,Orange,Orange
8.665969,Yellow,Banana
8.004355,Yellow,Banana
6.0296354,Orange,Orange
3.7423303,Yellow,Apple
5.878973,Yellow,Apple
7.487858,Green,Banana
6.827409,Green,Banana
1.1410813,Green,Apple
4.472972,Green,Banana
4.8097754,Green,Banana
8.382962,Yellow,Banana
8.214533,Yellow,Banana
6.452935,Orange,Orange
3.5912259,Orange,Orange
5.520273,Red,Apple
5.6821284,Red,Apple
3.275697,Orange,Orange
5.079225,Yellow,Apple
9.862395,Yellow,Banana
5.901293,Yellow,Apple
8.649501,Yellow,Banana
6.1782384,Yellow,Apple
9.829269,Yellow,Banana
5.3704643,Yellow,Apple
6.9244432,Green,Banana
4.209849,Orange,Orange
4.685768,Yellow,Apple
5.9593496,Yellow,Apple
8.852739,Yellow,Banana
6.3396664,Orange,Orange
1.014063,Green,Apple
5.5535555,Green,Banana
8.365952,Yellow,Banana
4.5256867,Red,Apple
5.21499,Green,Banana
6.75774,Green,Banana
4.8341064,Red,Apple
6.3136063,Orange,Orange
5.7874,Green,Banana
6.7738385,Green,Banana
8.170359,Yellow,Banana
7.695979,Green,Banana
4.638633,Yellow,Apple
4.724885,Green,Banana
6.401046,Green,Banana
6.439873,Orange,Orange
1.3768095,Green,Apple
6.395574,Yellow,Apple
1.2269413,Green,Apple
1.674407,Green,Apple
4.933321,Orange,Orange
3.3630993,Orange,Orange
5.141398,Orange,Orange
2.6266742,Green,Apple
6.514249,Orange,Orange
4.5374775,Orange,Orange
1.7883505,Green,Apple
6.5817556,Orange,Orange
6.1121407,Green,Banana
9.44136,Yellow,Banana
4.353771,Red,Apple
3.1763306,Orange,Orange
1.1234142,Green,Apple
3.5662389,Red,Apple
5.9980326,Orange,Orange
6.645507,Yellow,Apple
9.0713415,Yellow,Banana
6.6767707,Yellow,Apple
5.259205,Yellow,Apple
4.8321633,Orange,Orange
8.925874,Yellow,Banana
8.2542305,Yellow,Banana
4.619728,Red,Apple
3.234414,Yellow,Apple
4.898609,Red,Apple
3.3353875,Orange,Orange
9.108885,Yellow,Banana
5.031089,Yellow,Apple
3.458372,Yellow,Apple
1.163819,Green,Apple
2.2765698,Green,Apple
9.115494,Yellow,Banana
1.6055722,Green,Apple
5.387043,Yellow,Apple
4.0576086,Orange,Orange
4.5644827,Red,Apple
1.8506199,Green,Apple
1.5262065,Green,Apple
6.5019574,Yellow,Apple
5.9454226,Orange,Orange
2.3909705,Green,Apple
4.387947,Green,Banana
2.7366743,Green,Apple
3.0421674,Red,Apple
6.9312325,Orange,Orange
5.9449673,Orange,Orange
4.7157097,Red,Apple
3.3115706,Red,Apple
1.5107752,Green,Apple
3.5554152,Red,Apple
4.787651,Red,Apple
3.4985013,Red,Apple
1.2889625,Green,Apple
6.2154684,Yellow,Apple
5.3926973,Red,Apple
4.8159657,Red,Apple
1.5542116,Green,Apple
2.9796295,Green,Apple
4.7461615,Yellow,Apple
5.6268034,Green,Banana
4.0834475,Green,Banana
5.2251654,Orange,Orange
2.3778925,Green,Apple
6.9941034,Orange,Orange
6.3496137,Yellow,Apple
4.1633883,Red,Apple
5.106134,Red,Apple
4.92216,Yellow,Apple
2.903657,Green,Apple
3.519677,Red,Apple
5.4863014,Green,Banana
5.3519497,Yellow,Apple
5.867737,Green,Banana
4.9988775,Green,Banana
5.072614,Green,Banana
5.4145265,Yellow,Apple
4.9247627,Green,Banana
7.5307455,Green,Banana
5.4652085,Green,Banana
5.485729,Orange,Orange
8.372512,Yellow,Banana
6.35981,Yellow,Apple
1.417298,Green,Apple
8.054001,Yellow,Banana
8.093899,Yellow,Banana
5.5010986,Red,Apple
5.18061,Yellow,Apple
7.1322765,Green,Banana
1.2120985,Green,Apple
2.0543947,Green,Apple
9.757784,Yellow,Banana
5.325362,Red,Apple
4.6853156,Orange,Orange
8.0770035,Yellow,Banana
5.6008964,Green,Banana
1.8010955,Green,Apple
4.036707,Green,Banana
4.688161,Yellow,Apple
4.177285,Red,Apple
5.800906,Green,Banana
4.2375536,Yellow,Apple
4.8646336,Orange,Orange
6.088524,Orange,Orange
6.163699,Green,Banana
3.2654696,Yellow,Apple
3.5939841,Yellow,Apple
8.870238,Yellow,Banana
9.118798,Yellow,Banana
6.231165,Yellow,Apple
2.8031478,Green,Apple
4.3318033,Yellow,Apple
2.7095604,Green,Apple
4.335021,Orange,Orange
8.567223,Yellow,Banana
9.44326,Yellow,Banana
3.4614577,Red,Apple
8.375164,Yellow,Banana
6.8785505,Orange,Orange
9.649085,Yellow,Banana
5.237359,Red,Apple
4.982466,Orange,Orange
4.0052676,Yellow,Apple
4.9124064,Yellow,Apple
9.407247,Yellow,Banana
3.7046735,Red,Apple
6.8211346,Orange,Orange
5.099576,Red,Apple
5.767011,Orange,Orange
4.8489413,Yellow,Apple
4.9400854,Yellow,Apple
6.200497,Green,Banana
5.8922663,Green,Banana
3.9110608,Red,Apple
4.8195214,Orange,Orange
6.772064,Yellow,Apple
5.524042,Green,Banana
1.836578,Green,Apple
8.052783,Yellow,Banana
5.9221067,Red,Apple
9.532736,Yellow,Banana
4.3640013,Red,Apple
2.646247,Green,Apple
7.3462853,Green,Banana
3.8991933,Yellow,Apple
9.116031,Yellow,Banana
5.219614,Orange,Orange
4.845129,Yellow,Apple
5.4608555,Yellow,Apple
9.48882,Yellow,Banana
6.82794,Green,Banana
6.4795766,Orange,Orange
1.093163,Green,Apple
5.9220266,Orange,Orange
2.831177,Green,Apple
4.1562357,Green,Banana
6.6588454,Green,Banana
8.506627,Yellow,Banana
3.6384633,Yellow,Apple
5.910006,Yellow,Apple
7.6536007,Green,Banana
5.9051065,Red,Apple
4.239546,Green,Banana
8.529017,Yellow,Banana
3.9674962,Yellow,Apple
5.2837534,Red,Apple
9.630481,Yellow,Banana
3.595439,Orange,Orange
3.2719934,Red,Apple
4.269605,Red,Apple
9.729466,Yellow,Banana
9.01675,Yellow,Banana
4.6734447,Yellow,Apple
1.7051785,Green,Apple
2.983027,Green,Apple
9.642286,Yellow,Banana
3.773919,Red,Apple
9.295317,Yellow,Banana
3.4414065,Orange,Orange
6.382031,Orange,Orange
5.3628473,Orange,Orange
8.218708,Yellow,Banana
6.168683,Green,Banana
5.9563637,Yellow,Apple
8.585561,Yellow,Banana
4.7322507,Green,Banana
3.9459853,Red,Apple
6.542844,Green,Banana
8.598812,Yellow,Banana
5.7343764,Orange,Orange
5.291517,Orange,Orange
3.8787322,Red,Apple
3.8749695,Red,Apple
8.546654,Yellow,Banana
7.318968,Green,Banana
7.983211,Green,Banana
4.5595126,Yellow,Apple
5.259901,Red,Apple
5.2290277,Orange,Orange
6.1650467,Yellow,Apple
8.632489,Yellow,Banana
5.06722,Red,Apple
6.397429,Yellow,Apple
4.3423605,Green,Banana
4.162305,Yellow,Apple
3.5310404,Red,Apple
5.369607,Yellow,Apple
3.4345188,Yellow,Apple
8.5509205,Yellow,Banana
2.2525027,Green,Apple
3.4193063,Orange,Orange
3.4516423,Red,Apple
3.5825975,Yellow,Apple
4.784895,Orange,Orange
4.2628937,Orange,Orange
6.876928,Orange,Orange
3.7643762,Yellow,Apple
1.2570676,Green,Apple
5.417193,Red,Apple
8.379527,Yellow,Banana
8.055828,Yellow,Banana
1.7852174,Green,Apple
6.9898434,Yellow,Apple
9.45862,Yellow,Banana
5.1763487,Red,Apple
7.2528267,Green,Banana
4.126649,Orange,Orange
5.3086057,Red,Apple
5.1908336,Orange,Orange
3.9338899,Orange,Orange
5.4515743,Orange,Orange
2.7022822,Green,Apple
5.3488374,Yellow,Apple
4.551901,Red,Apple
1.691894,Green,Apple
3.4581351,Red,Apple
3.384019,Red,Apple
9.145449,Yellow,Banana
4.598704,Green,Banana
5.3661995,Orange,Orange
9.430193,Yellow,Banana
5.141874,Yellow,Apple
6.5791597,Orange,Orange
2.246843,Green,Apple
7.2473164,Green,Banana
4.4466953,Red,Apple
5.4756804,Orange,Orange
6.1741514,Green,Banana
5.6620927,Yellow,Apple
3.2419631,Red,Apple
1.6714147,Green,Apple
5.8669243,Green,Banana
2.4359133,Green,Apple
6.4573727,Green,Banana
4.361052,Yellow,Apple
5.9249883,Green,Banana
9.02125,Yellow,Banana
9.481073,Yellow,Banana
6.1460423,Yellow,Apple
3.040536,Yellow,Apple
4.9099336,Red,Apple
9.257332,Yellow,Banana
2.8527174,Green,Apple
4.8362007,Orange,Orange
8.754499,Yellow,Banana
3.5780756,Yellow,Apple
4.0669727,Green,Banana
8.556655,Yellow,Banana
5.5377975,Green,Banana
4.270653,Orange,Orange
5.218752,Green,Banana
5.498805,Orange,Orange
5.3285227,Green,Banana
1.8118508,Green,Apple
2.4075933,Green,Apple
4.3577156,Yellow,Apple
9.024885,Yellow,Banana
3.7222953,Yellow,Apple
1.6714954,Green,Apple
1.2790416,Green,Apple
3.751984,Red,Apple
4.193426,Yellow,Apple
1.6036112,Green,Apple
3.5303998,Red,Apple
4.81847,Yellow,Apple
5.4287825,Red,Apple
8.322137,Yellow,Banana
4.4314413,Green,Banana
4.072194,Orange,Orange
3.011539,Orange,Orange
4.262915,Red,Apple
3.804515,Orange,Orange
3.4300776,Yellow,Apple
4.190361,Yellow,Apple
6.011504,Orange,Orange
2.348885,Green,Apple
8.258122,Yellow,Banana
2.867911,Green,Apple
2.8760247,Green,Apple
8.014786,Yellow,Banana
5.9327455,Red,Apple
1.0821792,Green,Apple
4.150837,Red,Apple
1.1506339,Green,Apple
8.57161,Yellow,Banana
4.4858375,Green,Banana
5.158078,Green,Banana
7.3835006,Green,Banana
9.137333,Yellow,Banana
5.0527883,Green,Banana
4.634692,Orange,Orange
7.846252,Green,Banana
4.0844116,Red,Apple
5.0640297,Orange,Orange
6.3474245,Orange,Orange
5.6739526,Red,Apple
5.868067,Green,Banana
6.2502327,Yellow,Apple
5.707981,Yellow,Apple
5.5718446,Orange,Orange
4.036951,Green,Banana
5.524457,Orange,Orange
4.0199943,Red,Apple
2.4558527,Green,Apple
8.653311,Yellow,Banana
6.865032,Yellow,Apple
5.4778976,Red,Apple
3.6203349,Orange,Orange
1.3597329,Green,Apple
5.996765,Red,Apple
3.757019,Yellow,Apple
3.3797312,Orange,Orange
3.9969728,Red,Apple
2.9674988,Green,Apple
6.2269754,Orange,Orange
5.8525,Yellow,Apple
5.638176,Orange,Orange
3.7805808,Red,Apple
4.167107,Yellow,Apple
7.80487,Green,Banana
8.874153,Yellow,Banana
5.821409,Orange,Orange
6.1998644,Orange,Orange
6.8631945,Yellow,Apple
2.2511377,Green,Apple
6.3804903,Green,Banana
7.930436,Green,Banana
7.2735643,Green,Banana
4.5261564,Yellow,Apple
3.0066273,Orange,Orange
3.1229892,Red,Apple
9.839137,Yellow,Banana
4.378093,Red,Apple
5.950614,Yellow,Apple
6.5102196,Orange,Orange
6.2772417,Orange,Orange
9.625329,Yellow,Banana
5.5486183,Orange,Orange
4.8974338,Green,Banana
3.4404879,Red,Apple
2.5293765,Green,Apple
4.277698,Yellow,Apple
7.0985365,Green,Banana
1.6146876,Green,Apple
3.0575833,Orange,Orange
1.855489,Green,Apple
6.885115,Yellow,Apple
5.630888,Yellow,Apple
3.1953483,Yellow,Apple
4.741229,Orange,Orange
6.0807037,Green,Banana
5.4697227,Red,Apple
1.4294611,Green,Apple
2.2580261,Green,Apple
4.3098316,Green,Banana
3.9309738,Red,Apple
4.4919806,Red,Apple
2.348063,Green,Apple
2.7277215,Green,Apple
8.528313,Yellow,Banana
5.8209734,Orange,Orange
8.7882395,Yellow,Banana
7.1361647,Green,Banana
7.4151573,Green,Banana
6.4444666,Green,Banana
5.1603737,Red,Apple
2.4996278,Green,Apple
4.738286,Yellow,Apple
4.3129234,Red,Apple
3.6293025,Red,Apple
1.0556624,Green,Apple
5.222392,Green,Banana
2.2453935,Green,Apple
3.0851831,Orange,Orange
1.1241947,Green,Apple
6.971593,Yellow,Apple
8.287198,Yellow,Banana
3.9093435,Yellow,Apple
6.687047,Green,Banana
4.15137,Orange,Orange
6.653365,Orange,Orange
3.5394862,Orange,Orange
6.066437,Green,Banana
4.031826,Red,Apple
8.851322,Yellow,Banana
5.898236,Orange,Orange
5.3140163,Orange,Orange
5.2519608,Yellow,Apple
4.1538324,Red,Apple
2.4369264,Green,Apple
1.352922,Green,Apple
5.2435107,Yellow,Apple
4.577795,Green,Banana
9.58862,Yellow,Banana
4.6974554,Red,Apple
1.9365056,Green,Apple
